{
  "categorias": [
    {
      "titulo": "Marvel",
      "link": "",
      "cor": "red",
      "link_extra": {
        "text": "",
        "url": ""
      },
      "videos": [
        {
          "titulo": "",
          "url": "https://youtu.be/GMmb63nsDIc"
        },
        {
          "titulo": "",
          "url": "https://youtu.be/YH8ZB9I5nv0"
        },
        {
          "titulo": "Homem Aranha",
          "url": "https://youtu.be/ntE5Jmsol70"
        },
        {
          "titulo": "",
          "url": "https://youtu.be/k36iiqoAFxQ"
        },
        {
          "titulo": "",
          "url": "https://youtu.be/3UQN_dgXsHA"
        },
        {
          "titulo": "",
          "url": "https://youtu.be/rze8QYwWGMs"
        },
        {
          "titulo": "",
          "url": "https://youtu.be/JqcncLPi9zw"
        },
        {
          "titulo": "",
          "url": "https://youtu.be/lAbMtFUHPfc"
        }        
      ]
    },
    {
      "titulo": "DC",
      "cor": "#2A7AE4",
      "link_extra": {
        "text": "",
        "url": ""
      },
      "videos": [
        {
          "titulo": "",
          "url": "https://youtu.be/humNit5rcnM"
        },
        {
          "titulo": "",
          "url": "https://youtu.be/NtOcOLUg9wg"
        },
        {
          "titulo": "",
          "url": "https://youtu.be/figLauMgASA"
        },
        {
          "titulo": "",
          "url": "https://youtu.be/4wxyy8Rcz4k"
        }, 
        {
          "titulo": "",
          "url": "https://youtu.be/AIc671o9yCI"
        }
      ]
    },
    {
      "titulo": "Anime",
      "cor": "#FF8C00",
      "link_extra": {
        "text": "",
        "url": ""
      },
      "videos": [
        {
          "titulo": "",
          "url": "https://youtu.be/7mcfJjK0wfQ"
        },
        {
          "titulo": "",
          "url": "https://youtu.be/aZnulzHrU70"
        },
        {
          "titulo": "",
          "url": "https://youtu.be/JSh-D2S-tbI"
        },
        {
          "titulo": "",
          "url": "https://youtu.be/PU0YsHlVhMs"
        }
      ]
    },
    {
      "titulo": "Classicos",
      "cor": "#006400",
      "videos": [
        {
          "titulo": "",
          "url": "https://youtu.be/dN-soiY8o6Q"
        },
        {
          "titulo": "Gattaca",
          "url": "https://www.youtube.com/watch?v=Dl0tYLbrhhs"
        },
        {
          "titulo": "A Chegada",
          "url": "https://www.youtube.com/watch?v=rNciXGzYZms"
        },
        {
          "titulo": "Feitiço do Tempo",
          "url": "https://www.youtube.com/watch?v=zi8d69P9NvI"
        }
      ]
    },
    {
      "titulo": "Games",
      "cor": "red",
      "link_extra": {
        "text": "Formação de Jogos na Alura",
        "url": "https://www.alura.com.br/formacao-jogos-unity"
      },
      "videos": [
        {
          "titulo": "Final Fantasy 7",
          "url": "https://www.youtube.com/watch?v=I_ATSCTnUD8"
        },
        {
          "titulo": "Assassins Creed Valhalla",
          "url": "https://www.youtube.com/watch?v=KDfdjB9uL0U"
        },
        {
          "titulo": "God of War 4",
          "url": "https://www.youtube.com/watch?v=FyIwEFXOcaE"
        },
        {
          "titulo": "Resident Evil 8",
          "url": "https://www.youtube.com/watch?v=JSapXD9vxYA"
        },
        {
          "titulo": "Pokémon Let's Go Pikachu/Eevee",
          "url": "https://www.youtube.com/watch?v=L56q_k2ydrs"
        }
      ]
    },
    {
      "videos": [
      ]
    }
  ]
}